{"id":"2019-06-12T125115968Z","x":2080,"y":539,"text":"spot4","pics":[],"loc":{"e":-5.0699209558,"n":52.009514828}}