{"id":"2019-06-13T110619651Z","x":1413,"y":989,"text":"What's here?","pics":[],"loc":{"e":-5.0733898724,"n":52.008025344}}