{"id":"2019-06-27T231534461Z","x":2113,"y":650,"text":"g1","pics":[],"loc":{"e":-5.06972335045,"n":52.009147817000006},"tags":["(\"Planhigion\")"],"user":{}}