{"id":"2019-06-28T124013843Z","x":1557,"y":753,"text":"walls end","pics":[],"loc":{"e":-5.0726680294,"n":52.008806084}}